{
  "timestamp": "2025-02-08T02:50:04.964Z",
  "emotions": [
    {
      "neutral": 0.9009650434766497,
      "happy": 0.0003498424635576417,
      "sad": 0.049001980782902264,
      "angry": 0.019290064004183347,
      "fearful": 0.00005713447683421334,
      "disgusted": 0.02638036571443081,
      "surprised": 0.003955566735515147
    }
  ],
  "first_emotion": "sad",
  "second_emotion": "angry"
}