{
  "timestamp": "2025-02-13T01:24:05.960Z",
  "emotions": [
    {
      "neutral": 0.225351887692352,
      "happy": 0.0005147727430136385,
      "sad": 0.03214249485792566,
      "angry": 0.013008154228454208,
      "fearful": 0.0017339410446188326,
      "disgusted": 0.00020114201222098225,
      "surprised": 0.7270476149983311
    }
  ],
  "first_emotion": "surprised",
  "second_emotion": "sad"
}