{
  "timestamp": "2025-02-08T03:03:05.476Z",
  "emotions": [
    {
      "neutral": 0.2545355672331505,
      "happy": 0.45234776299175056,
      "sad": 0.0021354139067115458,
      "angry": 0.00045476587346505814,
      "fearful": 0.017183912700162417,
      "disgusted": 0.0005810893809350884,
      "surprised": 0.27276148679570233
    }
  ],
  "first_emotion": "happy",
  "second_emotion": "surprised"
}